Num Units,Batch Size,Epochs,Dense Activation,drop,optimizer,"Fold Results (accuracy, precision, recall, f1)"
1024,8,50,relu,0.2,Adam,"[(0.952023988005997, 0.952283313065746, 0.952023988005997, 0.9520031515782629), (0.9550224887556222, 0.9564262407618157, 0.9550224887556222, 0.9554802925256018), (0.9565217391304348, 0.956012701950624, 0.9565217391304348, 0.9562413501526035), (0.9384384384384384, 0.9359829894421089, 0.9384384384384384, 0.9364727663623065), (0.9624624624624625, 0.9621081432928124, 0.9624624624624625, 0.9622064555624068)]"
