Num Units,Batch Size,Epochs,Dense Activation,drop,optimizer,"Fold Results (accuracy, precision, recall, f1)"
1024,8,50,relu,0.2,Adam,"[(0.6506746626686657, 0.653780343887229, 0.6506746626686657, 0.6358002544408298), (0.6746626686656672, 0.7068099610938909, 0.6746626686656672, 0.6554344179547902), (0.6206896551724138, 0.6473914266298925, 0.6206896551724138, 0.5988572297478976), (0.6606606606606606, 0.6757617567825628, 0.6606606606606606, 0.6504776467683683), (0.6666666666666666, 0.6759509923825125, 0.6666666666666666, 0.6490703528429117)]"
