Num Units,Batch Size,Epochs,Dense Activation,drop,optimizer,"Fold Results (accuracy, precision, recall, f1)"
1024,8,50,relu,0.2,Adam,"[(0.9970014992503748, 0.9970014992503748, 0.9970014992503748, 0.9970014992503748), (0.9835082458770614, 0.9841597058613551, 0.9835082458770614, 0.9835305626350187), (0.9970014992503748, 0.9970311873766088, 0.9970014992503748, 0.997001424285982), (0.9984984984984985, 0.9985059686552225, 0.9984984984984985, 0.9984984891140555), (1.0, 1.0, 1.0, 1.0)]"
