Num Units,Batch Size,Epochs,Dense Activation,drop,optimizer,"Fold Results (accuracy, precision, recall, f1)"
512,8,60,relu,0.2,Adam,"[(0.99, 0.9901076909631362, 0.99, 0.9899771166774239), (0.9972222222222222, 0.9972277315423103, 0.9972222222222222, 0.9972212827809191), (0.9983333333333333, 0.9983379491176574, 0.9983333333333333, 0.9983281917781388), (0.9933333333333333, 0.9934447387622959, 0.9933333333333333, 0.9933123673973677), (0.9961089494163424, 0.9961158850064764, 0.9961089494163424, 0.9961052779388536)]"
512,16,60,relu,0.2,Adam,"[(0.9922222222222222, 0.9923083361614914, 0.9922222222222222, 0.9922099435665298), (0.9894444444444445, 0.9894678129286493, 0.9894444444444445, 0.9894409387024875), (0.9966666666666667, 0.9966804933492691, 0.9966666666666667, 0.9966646416924267), (0.9961111111111111, 0.996126779671618, 0.9961111111111111, 0.9961054306214165), (0.9944413563090606, 0.9944634802640494, 0.9944413563090606, 0.994431300219537)]"
512,32,60,relu,0.2,Adam,"[(0.9927777777777778, 0.9928129192875179, 0.9927777777777778, 0.9927567048879614), (0.9761111111111112, 0.9763899429569536, 0.9761111111111112, 0.9761064541012381), (0.995, 0.9950256843553561, 0.995, 0.9949886374418141), (0.9927777777777778, 0.9928025254175178, 0.9927777777777778, 0.9927659495576141), (0.9983324068927182, 0.9983337930881523, 0.9983324068927182, 0.9983325220708987)]"
512,64,60,relu,0.2,Adam,"[(0.9955555555555555, 0.99557348191678, 0.9955555555555555, 0.9955490577255776), (0.9938888888888889, 0.9939080682318807, 0.9938888888888889, 0.9938849547212754), (0.9977777777777778, 0.9977819271304316, 0.9977777777777778, 0.9977755621917069), (0.995, 0.9950031473072235, 0.995, 0.9949973024842332), (0.9922178988326849, 0.9922376663157888, 0.9922178988326849, 0.9922042811090359)]"
