Num Units,Batch Size,Epochs,Dense Activation,drop,optimizer,"Fold Results (accuracy, precision, recall, f1)"
512,16,60,relu,0.3,Adam,"[(0.9961111111111111, 0.9961301990835909, 0.9961111111111111, 0.9961077564915765), (0.9961111111111111, 0.9961394458773608, 0.9961111111111111, 0.9961105710493543), (0.9977777777777778, 0.9977777591971689, 0.9977777777777778, 0.9977762667212279), (0.9961111111111111, 0.9961207929384184, 0.9961111111111111, 0.9961074684526473), (0.9927737632017788, 0.9928691320886331, 0.9927737632017788, 0.9927989833321083)]"
1024,16,60,relu,0.3,Adam,"[(0.9927777777777778, 0.9927852860394635, 0.9927777777777778, 0.9927427194307497), (0.9972222222222222, 0.9972296080913501, 0.9972222222222222, 0.9972184676297933), (0.995, 0.9950018180291272, 0.995, 0.9949990686798896), (0.9927777777777778, 0.9928073544719918, 0.9927777777777778, 0.9927630259556508), (0.9938854919399667, 0.9939075782709293, 0.9938854919399667, 0.9938807850257326)]"
1536,16,60,relu,0.3,Adam,"[(0.99, 0.9900809765859154, 0.99, 0.9899915434747921), (0.9955555555555555, 0.9955904076264531, 0.9955555555555555, 0.9955526605936023), (0.9927777777777778, 0.9928598795840174, 0.9927777777777778, 0.9927816321612535), (0.995, 0.9950208269727707, 0.995, 0.994994666420002), (0.9961089494163424, 0.9961318856577742, 0.9961089494163424, 0.9961031926608634)]"
2048,16,60,relu,0.3,Adam,"[(0.9966666666666667, 0.9966832504145937, 0.9966666666666667, 0.9966600606362059), (0.9911111111111112, 0.9911444519378158, 0.9911111111111112, 0.9910933984916603), (0.9955555555555555, 0.9955826311449111, 0.9955555555555555, 0.9955508922905203), (0.9961111111111111, 0.9961341196885329, 0.9961111111111111, 0.9961110655336698), (0.9938854919399667, 0.9939223774689164, 0.9938854919399667, 0.9938938008630768)]"
