Num Units,Batch Size,Epochs,Dense Activation,drop,optimizer,"Fold Results (accuracy, precision, recall, f1)"
1024,8,50,relu,0.2,Adam,"[(0.9405555555555556, 0.9390573644603681, 0.9405555555555556, 0.9330807921266413), (0.9494444444444444, 0.9468431745603437, 0.9494444444444444, 0.947156855152474), (0.9422222222222222, 0.938539714983251, 0.9422222222222222, 0.938709757675275), (0.9427777777777778, 0.9397784577418585, 0.9427777777777778, 0.9374174334032528), (0.9449694274596998, 0.9420401976196043, 0.9449694274596998, 0.9403261591858039)]"
