Num Units,Batch Size,Epochs,Dense Activation,drop,optimizer,"Fold Results (accuracy, precision, recall, f1)"
32,8,10,relu,0.2,Adam,"[(0.9175412293853074, 0.9049735656286717, 0.9175412293853074, 0.905173704973776), (0.9100449775112444, 0.8943464976372574, 0.9100449775112444, 0.8971026327936108), (0.9100449775112444, 0.892426457578664, 0.9100449775112444, 0.8896468164631512), (0.9144144144144144, 0.8999188762221938, 0.9144144144144144, 0.9012954560399815), (0.8978978978978979, 0.8870434070434069, 0.8978978978978979, 0.891528097970929)]"
