Num Units,Batch Size,Epochs,Dense Activation,drop,optimizer,"Fold Results (accuracy, precision, recall, f1)"
1024,8,50,relu,0.2,Adam,"[(0.679, 0.6816913709729535, 0.679, 0.6754234127689411), (0.642, 0.6577861813837903, 0.642, 0.6459739676737737), (0.679, 0.6945023112777032, 0.679, 0.682768829196746), (0.681, 0.694233418615699, 0.681, 0.6840625587049138), (0.6233116558279139, 0.6479662415420397, 0.6233116558279139, 0.624278150850794)]"
