Num Units,Batch Size,Epochs,Dense Activation,drop,optimizer,"Fold Results (accuracy, precision, recall, f1)"
1024,8,50,relu,0.2,Adam,"[(0.9761111111111112, 0.9761646219600352, 0.9761111111111112, 0.9761371639499079), (0.9794444444444445, 0.9807339246397236, 0.9794444444444445, 0.9798491123917525), (0.9761111111111112, 0.9761646219600352, 0.9761111111111112, 0.9761371639499079), (0.9733333333333334, 0.9758269720101781, 0.9733333333333334, 0.9740879109654965), (0.9844357976653697, 0.9853121752316396, 0.9844357976653697, 0.9846974491623893)]"
