Num Units,Batch Size,Epochs,Dense Activation,drop,optimizer,"Fold Results (accuracy, precision, recall, f1)"
32,8,10,relu,0.2,Adam,"[(0.9445277361319341, 0.9434822001312776, 0.9445277361319341, 0.9439617249493316), (0.95952023988006, 0.9597963710867733, 0.95952023988006, 0.9596532842836296), (0.9790104947526237, 0.9787735572540843, 0.9790104947526237, 0.9788689455000226), (0.960960960960961, 0.9592590248327953, 0.960960960960961, 0.9595223186877434), (0.9579579579579579, 0.9599182515849183, 0.9579579579579579, 0.9587662821221922)]"
