Num Units,Batch Size,Epochs,Dense Activation,drop,optimizer,"Fold Results (accuracy, precision, recall, f1)"
1024,8,50,relu,0.2,Adam,"[(0.972, 0.9736565339379621, 0.972, 0.9721419047457635), (0.967, 0.9674743341087906, 0.967, 0.9669401775715473), (0.97, 0.9714173833870563, 0.97, 0.9700497872348355), (0.9705, 0.9709726175844873, 0.9705, 0.9705370488443755), (0.9694847423711856, 0.9697192234440544, 0.9694847423711856, 0.9694937567063178)]"
