Num Units,Batch Size,Epochs,Dense Activation,drop,optimizer,"Fold Results (accuracy, precision, recall, f1)"
512,8,60,relu,0.2,Adam,"[(0.9922222222222222, 0.9922713154272595, 0.9922222222222222, 0.9922017953683285), (0.9922222222222222, 0.9923398251937087, 0.9922222222222222, 0.992219715992629), (0.9894444444444445, 0.9895760205263211, 0.9894444444444445, 0.9893731070603322), (0.9933333333333333, 0.9933884116888508, 0.9933333333333333, 0.9932777829341523), (0.9899944413563091, 0.9899860028651226, 0.9899944413563091, 0.9899754585182664)]"
